text,label
内容はまあまあ難しいです。ちゃんと出席しましょう。,1.0
それぞれの分野ごとに物質が分かれていて、見返すときにとても整理してみることができました。,1.0
毎回出席すればちゃんと単位取れます。,1.0
ノートをしっかりとって復習を行おう。,1.0
CSの人たちにわからないことは聞いたり、復讐をしたりすること。,1.0
化学プラントがどういう仕組みなのか理解することができた。,1.0
余裕をもって製作、レポート課題をしたほうがいいと思います。,1.0
教科書の重要な部分にマーカーを引いてください,1.0
専門知識がなくても、一から空間情報についての学習ができるので、履修してみてください。,1.0
とても難しいので頑張ってください。,1.0
Ｃ言語によるプログラミングでは，前期（ＣプログラミングⅠ）に学習した内容でほとんどのプログラム処理を記述できますが，さらに効率的に複雑なプログラム処理を記述するためには，後期（ＣプログラミングⅡ）の内容が不可欠になります．本授業が終わると人によってはプログラミングを学ぶ機会が減ってしまうかもしれませんが，３年，４年次の専門科目で必要になってくると思いますので，今後の学生生活の中でも自分で継続的にプログラミングを学んでいくよう取り組んでいってください．もちろん，プログラミングに関する質問があれば受け付けますので，私の研究室まで来てもらえればと思います．,1.0
声が小さいし、ボソボソ喋るため、聞こえにくい。 学生を馬鹿にするいい方は聞いていて気分を害するものだった。,0.0
細かいところまでしっかり確認してください。,1.0
まず真面目に講義を受けること。理由なしの欠席、遅れてくるのは論外。 次に、ちゃんと先生の話を聴いてしっかりノートをとること。自分で後から授業ノートを見ながら復習すれば必ず合格する。 最後に、課題は考えながら解くこと。,2.0
先生の説明が分かりやすいので、特に詰まらず学習できると思います。,2.0
高校の知識から少し進んだ知識を生活に絡めていたので理解しやすかった。,2.0
きちんと授業を聞いていたら大丈夫だと思います。,1.0
この科目は回路の作成や理論値計算はこちら側が理解していること前提で講義が進むので、 特に予習が大事になる科目です。ですが、しっかりと授業資料の動画を見て理解していれば、そこまで難しい回路はありません。 行き詰まったら相方の人に教えてもらうなど、意欲的に取り組めば大丈夫です。頑張って下さい,2.0
小さい決まりが積み重なって大きな結論を形作っていることが、演習問題を解いていて改めて分かった。,1.0
課題に結構時間がかかるので頑張ってください。,1.0
ノートをしっかりとりましょう,1.0
先生によってレポートの様式が異なっていたので統一して欲しい。様式が異なっているとレポート作成に時間がかかる。 しっかりしたレポートの様式が一つあれば十分だと思う。先生によって様式が異なっている意味が分からない。,1.0
電力がどのように発電され、送られているのかをしった。,2.0
課題や提出物は日本語でもスライドに記載してほしいです。,0.0
計算ミスに気をつけてください,1.0
ノートの書き込みが大変です。 先生の話をしっかり聞いて書き込むページをメモした方がいいです！,1.0
自分のペースで勉強することができたが、一度毎週の受講を止めると、持続しなくなり、自己管理するのが難しかった。,0.0
レポートや課題等がやや多めの授業ですが、それらをこなせば授業の内容はとても面白いのでぜひ頑張って受講してください。,2.0
1週間に1度の運動出来る機会でとても有意義に過ごすことができた。,2.0
プリントだったので予習復習が楽でした。,2.0
テストの結果や解説がわからないと復習や点数が分からないため前もって返却用ファイルを出していた方がいいと思います。,0.0
やる気がないと積みます。班員にも迷惑がかかるので、やる気ない方取らないように,1.0
しっかりと授業を聞いてノートをとりましょう。,1.0
アンケートへの回答ありがとうございます。全体的に授業の内容および方法について好意的な意見が多かったように思います。引き続き、さらなる工夫をしながら講義を改善していきたいと思います。なお、欠席時の対応については、第１回目の講義および事前にメール等で連絡のあった人にはメールで指示をしています。一方で、改善の余地はあるかもしれません。これについても引き続き検討していきたいと思います。,1.0
とても難しい内容だったのでテストに向け対策をしっかりしていきたい,1.0
内容が少し難しかった。,1.0
小テストが非常にタメになった,1.0
欠席をしない 授業中のメモをサボらない,1.0
課題をしっかりとこなす。,1.0
この講義だけ提出期限が違って他の講義とのリズムがあわなくて提出忘れがかなり多かった、自己責任だと理解していますが他の人とあわせてほしかったです。,0.0
課題が大変かもしれない！,1.0
解答の間違えがあるのは止めて欲しい。,0.0
間違いをなくして欲しい,0.0
グループワークが多くて最初は戸惑ったけど、すぐに班員とも打ち解けられて大学生活のスタートで助かりました。講義では研究室訪問で先生方から貴重なお話を聞くことが出来、ポスター発表ではいかに相手に伝わりやすいかを工夫したりなどとても有意義な時間が過ごせました。,2.0
小テスト中ずっと歩き回っているため、少々気になってしまう,1.0
内容が多くて大変だった,1.0
夏目漱石の自己本位の話など、非常に興味深い講義内容でした。ありがとうございました。,2.0
毎回の課題をしっかりとすること,1.0
予習復習が大事です。ボーッとしてるとすぐに置いていかれます,1.0
オンライン講義だったので変わるかもしれないけど課題は講義で出たものばかりなのでしっかり聞いておくと課題が楽になると思う。,1.0
期末テストのためにこまめに練習しておく。,1.0
1週間に2回講義があり、どんどん内容が進んでいくので出来るだけ休まずに出席したほうが良い。,1.0
初めてプログラミングを行ったが感覚を掴むのが難しかった。,1.0
アンケート入力お願いします,1.0
復習を怠るとテストで点数取れません。,1.0
計算ミスが命取りになる。,1.0
しっかりとレポートに取り組みましょう,1.0
先生の人数が少なかったのでなかなか質問することができなかった,0.0
授業動画の雑談などは良かったけれど、書き直しやミスなどの本当に余分な部分はカットして動画の長さをもう少し短くしてほしかったです。,0.0
研究にも個性があることを改めて感じました。どの研究室を志望するかよく考えたいです。,1.0
しっかり課題はだすこと。,1.0
listening が難しすぎる。 advancedとfreshmanでクラス分けするのやめてほしい、難易度が高いので確実にfreshmanの人よりGPAが下がってしまう。 なぜ難易度が違うのにGPAでは同じ価値の評価なの？,0.0
授業資料を公開して欲しい,1.0
議論をする難しさを知りました。,1.0
ここまで自分のためになる授業は初めてでした。,1.0
地獄地獄オブ地獄、ストレスでハゲかけるレベルだけど頑張ってくださいね,1.0
毎回の課題をしっかりとする,1.0
私達の住んでいる文化とそれ以外の地域に住んでいる文化では違うということは分かったが、一人一人の考え方によって同じ地域に住んでいる人であっても文化が違うということを学びました。,2.0
黒板に図を書くときに体で全く見えない時がありました。そのため、図を説明しても理解が追いつかない時がありました,0.0
物理春休みのうちに少しかじっておく,1.0
レポートは溜めないようにすることが大事です。私は最終的に6個溜まっていて、めちゃくちゃきつかったです。,1.0
講義内容に関して少し進むスピードが速いように感じました。作っているスライドの枚数も多くすごく政治学への熱意は感じましたが、時間の関係で省略する形になることも多く結果として無駄になっているものも多かった印象です。今後もう少しスライドの枚数を削減し、わかりやすくもう少しゆっくりの講義をすることを望みます。,0.0
しっかり話を聞いておく,1.0
社会において問題となっていることも知ることができた,2.0
授業中に書く量を減らして欲しいです,0.0
世界の歴史は難しかった。,1.0
フーリエ変換を多用する授業であったため、フーリエ変換や離散フーリエ変換に対する苦手意識が薄れ、これらの計算結果からスペクトルの性質を読み取る技術を学ぶことができた。授業後半のプログラムによる信号処理ではハミングウィンドウを求める式をプログラムで表記する方法が難しく感じた。,2.0
試験の解答の欄が変でした,0.0
経済のことを深く学びたい人におすすめ。,1.0
人生で初めてパイソンにふれたので、独特なプログラミングに戸惑いました。,1.0
提出物を期限内に必ずきちんと出す。,1.0
英語の歌詞が聞き取れなかった,0.0
レポートが大変だったです,1.0
あまりかかわる機会がなかったため本質の理解ができなかった。,0.0
毎回てすとがあってとても勉強にあてることができました。しかし、クラスによって評価基準が違うと今後クラス分けテストをまともに取り組む人が減るのではないかと思いました。,0.0
マイクの音量調整は，随時，教員に伝えて下さい．ハウリング防止のため，教員側には聞こえにくくなっていますので．,1.0
ExcelやWordなどの説明がテキストを含め今まで(中学、高校より)で一番わかりやすかったです。,2.0
様々な物体の運動や仕事などを微分方程式などを用いて認識することが出来た,1.0
２週間に一回、課題が地獄のように続いたがおかげで学ぶことが多かった。,2.0
オンライン授業は難しい,1.0
すべての産業は関連していることがわかりました。,2.0
提出期限のことも意識しながら早め早めにレポート課題に取り組んだ方が良いと思います。,1.0
小テスト、テスト対策を忘れない,1.0
問題だけ出されて回答や解き方の説明が生徒任せ。 質問に行けば答えてくれるのに授業で教えてくれないのは疑問です,1.0
生活と科学を関連付けながら行われるので分かりやすかった。,2.0
先生の言った所は線を引く,1.0
何回もやり直しを食らったりしたけどそれでもたのしかった,2.0
遠隔授業ではなかなか伝わってこずとても難しかったです。,0.0
偏った思考の話で、人によっては不快に感じます。,0.0
ノートをちゃんと取った方がいい。,1.0
期限までに課題を必ず提出する。,1.0
とても難しくあまり自分で解くことができませんでした。なので自主的に勉強しようと思いました。,1.0
とても分かりやすい授業で様々な機器のことについて学ぶことができてよかったです。,2.0
歴史は暗記するものだと考えていたけど、全て暗記するものではなかった,2.0
FIT-aimを細かく書きレポートを書きやすくしておくこと。,1.0
毎日少しずつでも勉強したほうがいい,1.0
問題は難しくないですが，特に計算ミスには気を付けましょう．,1.0
レポート課題のおかげで、自分は何を理解していないのかわかって学習がとてもしやすかった。,2.0
授業プリントにある問題の解答解説ページが分かりにくい。,0.0
クラッカーでの繰り返しの学習がとても役に立ちました。,2.0
小レポートを2回提出しなければいけないが、自分の意見をちゃんと書ければ大丈夫なのだと思う。テストはPCを使ったテスト形式。,1.0
内容がとても難しい講義だったが理解をすると面白い内容だったと感じました。,1.0
民族、人類、家族について深く学ぶことが出来た。,2.0
予習動画などが用意されていたので予習はしやすいはずなので、予習復習を頑張ってほしいです。,1.0
大学に入ってから1番難しかった。授業内でもなかなか理解することが困難だった。,0.0
教科書は最終的に採点のため回収されるのですか？,1.0
授業は楽しかったがテストがやや難しかった,1.0
授業まとめのパワーポイントを作る際に、今まで学んだことが自分のキャリアにどう結びつくかを考えることで、より具体的な目標を立ててキャリアを考えることが出来ると思います。,2.0
分かった気になるのではなく根本から理解しよう。,1.0
理解するのがとても大変でした。,0.0
授業内容だけでなく、最近のセキュリティ技術の動向についての話題も多く聞けて参考になった。,2.0
テストの点数が悪いと単位をもらえないのでテストを1番頑張ってください。,1.0
フレッシュマン演習で作っていたテクボットを使って、前後左右の移動をさせるプログラムを施したり、LEDを光らせたりした。,1.0
最初は簡単、後々難しい,1.0
講義を聞くだけでなく、自主的に予習して教科書を読み込まないと理解は出来ません。,0.0
グループ学習では積極的に発言するようにして欲しい。,1.0
復習をしっかりした方が良い。,1.0
欠席すると多くの点を失ってしまうので必ず出席する,1.0
この授業はプリントを用いる学習だが、プリントをファイルして一回一回の授業のためにプリントファイルが管理できる自信がなく、かつ授業中にメモをとるのをプリントの空白部分に埋めることが自分にとって深い理解につながり、読み返したいと思うかを自問自答していた。その結果、1冊のノートにプリントを切って貼り付けてノートにメモを取る授業体制で臨んだ。各回の授業で先生がどうやって生徒を授業に興味を持たせようか考えながら講義しているのが分かった。それから、自分は機械系の工学科に所属し、専門を学ぶときに化学とは無縁になるかもしれない。高校で学んだ化学を無駄にしたくないと考え、この講義を履修した。これらのことから僕はこの講義の内容理解に励もうとした。先生のユーモアあふれる講義は楽しかった。,2.0
問題の解き方を理解することが大事,1.0
毎回プリントをしっかりと提出する。,1.0
グループワークの議題は答えが考え方によってかわるものなので、班によって違う回答が聞けて色々な考え方を学べたのでよかったと思います,2.0
レポート作成が大変だった。,1.0
評価用課題の提出期限の延長に何度も対応していただいてありがたかったです。,2.0
また，講義の進行は，最初はゆっくりだが，徐々に普通のスピードにするので，予習・復習をしっかりやって，毎回の内容を着実に理解するように，とも言っていましたが，それを守った人は，理解できているようです．また，「必須でない応用問題が難しかった」との意見もありますが，いろいろな理解度の学生全てに対して対応できるように，易しい問題から難しい問題までさまざまな難易度で出題していますので，自分の理解度に合った問題を解いて下さい．他の人のプログラムを丸写しして提出する人もおり，それを心配する意見もありますが，その場合には，両者（丸写しさせた人）とも0点にしていますので，丸写しさせる側も気を付けて下さい．丸写しは全く意味がありません．,1.0
振り返りノートは毎回きちんと書いておかないと痛い目見ます,0.0
他の科目は座学が多いのでコミュニケーションを挟みながらの授業だったのが新鮮でした。楽しい講義だったので欠席が多くなってしまって残念です。,1.0
授業では、先生が黒板に重要なところをまとめてくれたのでとても良かったです。ただ、今回の小テストで時間が足りないところがあったので次は考慮をお願いいたします。,0.0
高校で物理を学んだ人へ。油断してると足下をすくわれます。,1.0
集中しないとわからなくなります。,0.0
授業で置いて行かれないようにする,1.0
質問しても分かりずらかったです。,0.0
提出物はちゃんと出そう,1.0
授業資料が多いので、管理がたいへん,1.0
とても分かりやすく教えてくれた。 毎回授業初めに前回の復習をやってくれていたので何をやっていたのかを再度確認することができた。,2.0
主にソフトウェアについての様々な知識を得た,2.0
スライドのまとめ方や発表は卒研でも使うので、覚えておいたほうがいい,1.0
数学苦手なら難しいところが少しあるかも。極端に苦手じゃなければ大丈夫だと思う。,1.0
自分の思っていることを伝えるということについて、論理的に整理するためにこの講義を活用してほしいと思う。,2.0
授業スピードが速くて大変だった。,2.0
しっかりと講義内容を聞くこと。,2.0
なかなか自分の力であの授業を理解するのは難しかったです。とにかく難しい科目だなと思いました。,1.0
キャリアデザインの応用編で、自分なりの考えをもつ大切さや、ディベートを通してのさまざまな力を培うことができた。,2.0
課題とFIT-AIMの入力は絶対にした方が良い,1.0
授業をしっかり聞いて、予習復習をやっておけば大丈夫だと思います。,1.0
毎回のスクリーンのメモを打つのみ,1.0
わからないことが多いと思うので積極的に友達に聞いたり、オフィスアワーに行かなければついていけなくなる。,1.0
受けれるならば受けた方がいい,2.0
集中しないと聞き逃します。,0.0
ノートは授業中に自分でとったほうがよい。 先生の話は聞いておいたほうが、テスト勉強しやすい。,1.0
復習を頑張ってください,1.0
いっぱい調べた方が自分のためになる,1.0
授業には必ず毎回の出席をすること。また、課題の出し忘れには気を付けること。,1.0
先生の話をしっかり聞きなさい,1.0
一番最初のところから正しく理解していかないと、途中でわからなくなると思うから最初から丁寧に取り組んだ方がよいと思います。,2.0
課題を期限までに絶対出しましょう。,1.0
ポスター制作大変です。,
以前まで異文化と言われたら外国人と日本人は文化が違うから異文化だろうと思っていたが、自分以外のものすべてが異文化、一人一人考え方が違うから異文化と言えるということに気付かされた。,2.0
ちゃんと聞いておかないとレポートの時困るので注意,1.0
オンデマンド時の課題が他の受講生に見られることが嫌でした。,0.0
先生によっては授業が雑であるため、その先生の担当を引かないようにお祈りしましょう。,0.0
もうちょっと練習問題等で演習を重ねながら学びたかった。ペースが速すぎる。練習プリント等を配布してくれれば学習しやすかった。,0.0
予習復習を行わないとテストで点数が取れず確実に再履修になるので予習復習を絶対行ったほうがいいと思います。,1.0
授業のメモをしっかりとることが大切。,1.0
法律について事前に調べること。,1.0
板書は期末テストで必要な資料となるので、必ず取った方が良い。,1.0
定期的に細かい復習が必要になる。,1.0
電験理論の難しさが分かります。,1.0
小テストがあるので、ちゃんと教科書の内容を見て、どこに何があるのかをちゃんとみておいたら大丈夫だと思います。,1.0
電験を取りたいなら絶対受けるべきだと思います。,2.0
FIT-AIMを終わったらすぐに書いておくほうがいい。 ノートの内容は薄っぺらくても何か書いていた方が良い。,1.0
日本の法制度や憲法の意義、どこにどのようにして適用されているのか日常生活ではどの部分で使われているのかを知ることができた。,1.0
取らない方がいいです。,0.0
とりあえずテスト前に計算式は頭に入れておく必要があります。,1.0
テスト内容をもう少し講義資料の文章に近づけてもらえたらもっとわかりやすかった。,1.0
授業形態が何度か変わってわかりづらい部分があった。,0.0
分かりやすい抗議だった,2.0
テストは記述問題が難しいので、対策しよう！ 中間は持込み不可、期末は持込み可。,1.0
分かりやすかったです。ありがとうございました。,2.0
どんどん発言して自分の考えたことを人に伝えましょう。,1.0
人と話し合い、意見交換をすることで、答えを見出していくことが出来ました。,2.0
毎回課題が出るので家で勉強する習慣がつくからいい。,1.0
公害問題に関して学びたい人におすすめです。,2.0
どんだけ勉強しても難しい時がある。,1.0
全体的に良かったですが、時々先生の声がいきなり大きすぎて頭が痛くなります。,0.0
レポートを作ってないと実験に参加できないので、きちんと作成すること。,1.0
いろいろな文字がたくさん出てくるのでとてもこんがらがった,1.0
論題についての課題は、下調べをしっかりしないと授業で困ると思います。,1.0
この授業では、内部告発についてや、日本における常識が世界で通じない時もあると言う事を学んだ。,1.0
一回で進む量が少なすぎるように感じられます。,0.0
勉強しないと無理です。,1.0
予習復習はすべきだと感じました。,1.0
日本以外の文化を知るきっかけになった,2.0
Reading Expressの授業動画を事前に全て投稿しておいて欲しい。,0.0
学んでいく上でそこに出てくるものを流れを覚えるように学習していくと良いと思います。,1.0
予習復習をしっかりすること。,1.0
しかし今年は違います。音声ファイルを準備する段階で，何度も聞き直して貰えば最後は理解してもらえるようにと丁寧に作成するしかありません。 これは大変時間のかかる作業で，私自身も大変でしたが，皆さん達も，教室で質問できればどれだけ簡単かと感じる人は多かったのではないでしょうか？ 皆さん達の書き込んでくれたコメントには，分かりやすかったというものから，わかりにくかったというものまで，非常に幅広い感想が書かれています。 録音を聞いたり，教科書を読みながら演習問題を解くだけでは，基本的には自学自習と変わりませんから，なんのために高い授業料を払って大学に行っているのかと私だったら思います。 今年はまだ誰も経験したことのない非常事態だったということで勘弁していただくしかありませんが，この状態は可能な限り早く解決しなければならないと私は思っています。,0.0
ありがとうございました。,1.0
課題やレポートは、早め早めに終わらせた方がいいと思います。,1.0
根本的なことを理解すれば、あとはそこから派生する内容なので自分の言葉でノートにまとめると理解しやすいと思います。,1.0
解法を理解するまで勉強してください この再履修は地獄です,0.0
分かりにくい 黒板の下に文字を書いていて見えない,0.0
磁場や電場について学ぶことができた,2.0
憲法の内容やできるまでの過程がよく分かった。,1.0
予習は必ず行ってください。テスト勉強のためにノートに書くことをおすすめします。 先生はとても優しいです。 居眠り、遅刻・欠席は点数が引かれます。気をつけてください。,1.0
最初の方はしっかりと授業に取り組むことができたが、途中から怠けてしまった。対面で受けたい授業でした。,1.0
資料を見て予習復習すること。,1.0
授業スピードが早くて大変だった。,0.0
好意的なコメント有難う御座います。より意欲的に学習できるように、実際のセキュリティや通信アプリに関連する内容を今後増やすようにします。,2.0
あらかじめ期限を確認し、バイトやサークル、試験と被らないようにスケジュール管理を徹底する！,1.0
対面では体を動かすことをすると思うが、オンラインだとモチベーションがあまり出なかった。 また課題の一週間の振り返りでは取り組んだこと、来週取り組むことの欄に400時は個人的に多く感じた。,0.0
単純な回答ですが、授業を真面目に受けることが大切です。,1.0
授業は毎授業ちゃんと確認して、教科書にマーカーを引いたりしていれば問題ないと思います。,2.0
ちゃんと質問しに行かないと再履修になる,0.0
物体の曲げ、たわみ、座屈、組み合わせ応力について学ぶことができた。,2.0
過去問は当てにならない。,0.0
教員へのコメントではありませんが，難しくて理解に苦しむ，ということもわからないでは無いです．とは言っても，C言語を用いることは事前に話していますし，3年後期の講義ですので，簡単なわけがありません．音の波形を作り出す，解析するということは，一般的なことではないため，講義で紹介したフリーソフトやサンプルコードを利用して学習して下さい．もちろん，教員への質問も歓迎します．,1.0
欠席は3回までなので気をつけてください,1.0
ヒントをくださったので、めげずに解くのを頑張れました。ありがとうございます。,2.0
毎回の小テストをすること,1.0
課題の提出の起源や過大の提出期限や本文のリスニングを忘れずにすること。,1.0
日本以外の国のことを知ることが出来たので良かったです。次は自分の足で海外にいって周りの文化の違いや様々な文化に触れようと思いました。,2.0
ペットボトルの説明のバリエーションを増やしてほしい。,0.0
あまり法律は詳しくなかったためとてもためになった。,1.0
十分な勉強をしないと全くついていけなくなる。,1.0
運動の機会だった レポートつらい,1.0
自分の体調管理を見直せる最後のチャンスかもしれません,2.0
グローバル化が進み日本人より外国人を多く見るようになった世の中にはなったので、異文化を理解し受け入れることが大切だと学んだ,2.0
要約が難しかったです。,1.0
赤文字がとても多いので大変です,1.0
テスト持ち込みありなので内職はしないように。もし内職がバレたらテスト持ち込み無しにされる可能性があります。,1.0
高校と全然違くて難しいかったです,1.0
レポートを提出しなければ単位が認められません。約二週間と提出までの期間は長いため、早めに取り組んでください。,1.0
配布されるデータやプリント、ソフトウェアなどを活用して理解しましょう。,1.0
できるまで反復。問題集と授業プリントの問題は完璧ぐらいまで解けないと厳しい。,1.0
コンピュータなのでひとつ間違うと全部やり直しになるので注意です,0.0
課題が溜まると地獄を見ます。,1.0
課題をやらないとたった一回の授業で終了するかもしれません,0.0
耳よくないと勉強すらできない,0.0
行政について知る機会は中々ないのでためになった。,1.0
予習していかないとついていけない。,0.0
課題をしっかり調べて提出すること,1.0
内容は難しく感じましたが、講義のスライドが分かりやすかったです。,2.0
授業の演習を理解しながら取り組み，分からない点をよく確認したり，復習を行えばJavaの仕組み等をよく理解できると思います．構文力を身につけるには，実際に独自のプログラムを分からない点を調べながら取り組めばよいと思います． 試験に関しては，授業をよく聞き，試験前に過去問を解いて確認すれば十分合格できると思います．,2.0
しっかりと先生の話を聞いたうえで、自分のできることに力を注入したほうが良い。 誘惑に負けて何事もおろそかにすることはいけない。,1.0
毎週なんでも相談室を利用させてもらっていたが、理解できたと自信を持てるレベルまで学習を修めることはできなかった。,0.0
プレレポート、レポートは必ず期限内に出すことと、実験は休まない。,1.0
毎回の小テストを通じて化学と生活について理解を深めることができたと思う。また、先生の映像を使った説明がとてもわかりやすく、また面白かったです。,2.0
オンライン授業のために様々な機材をそろえてくださったのでわかりやすくて良かったです。,2.0
残念ながら受講者がいないため，2019年度は閉講となっています．,0.0
ノートの取り忘れがないように、きちんと毎回取った方がいいです。,1.0
皆さんが苦手と思われる化学装置・物理・数学的な内容が多かったのですが、それなりに頑張ってくれたと思います。もう少し演習を増やしたかったのが、それができず心残りです（次年度の課題です）。化学工学の内容は、工場などで勤務するようになったら、よく直面する課題となります。是非、化学工学の内容を忘れないでおいてください。,1.0
日頃から勉強してないとテストで痛い目に遭います,1.0
課題の点数が意外と少ない。,1.0
黒板に板書しているときに、黒板の近くの電気をつけて欲しかったです。,0.0
授業毎に小テストがあるので理解がしやすかった,1.0
先生の話をしっかり聞いて、重要なポイントはメモを取った方が良い。復習と課題はきちんと取り組む。,2.0
計画的にレポートを終わらせてください。,1.0
課題は毎回怠らずにしたほうがいいです,1.0
繰り返しプログラムを組むことで問題が解けるので、一回でならなかったからといって諦めないでください。,1.0
レポートが多いのと講義の進むペースがとても早いと思いました。わからない人もたくさんいると思うので、ペースを落として講義をして欲しいです。,0.0
しっかりと事前学習をする前提だと感じた。 高校の内容のようにうまくいかなかったので苦しかった。,0.0
小テストがあることで授業への理解が深まりました。,2.0
後期おせわになりました。,2.0
レポート出しましょう。,1.0
明らかに履修者の人数が少なかったです。履修者自体は多いのでしょうが、教室にいる人数が少なかったです。あれは私の見間違いでしょうか？それとも本当に人数が少なかったのでしょうか？ではなぜ、履修者の割に教室にいる人数が少なかったのでしょうか？んん？？むむむ？？まさか？？ピ逃げしてるな？？？ん？？ってことです！,0.0
線形代数と解析の演習だったのでとくことが出来た。最後の問題が難しかったので解けない問題もあった。,1.0
毎回の課題と授業を大事に受けてください。,1.0
ろ先生だけ再テストないので、気をつけてください。即死入ってます。,0.0
* もっとスピードを上げてもいい --> ご意見、ありがとうございます。授業中でも説明したように、理解の早い人に申し訳ないが、できるだけ全員がわかるようにスピードを落としています。内心はスピードを上げてもっといろいろな内容を盛り込みたいですが。,1.0
板書を欠かさない。話をよく聞く。,1.0
環境経営についての専門用語や、製品の流れを確認することができました。,2.0
とても難しいです。プリントだけでなく動画もほしいです。,0.0
何個か難しい課題があったので苦戦しました。,1.0
マニアックすぎる。金属なんちゃらみたいな教科名にした方がいいと思う。大事なことは口でしか言いませんも意味がわからない。大事なら書いてもらってもいいですか？正直喋り方的に何を言いたいのか分からないことが多い。,0.0
行列式解けるようになりました。,2.0
テスト内容はテスト前に提示され、自分なりの答えを考える時間はあります。持ち込みは出来なかったはず。,1.0
技術者としての責任など思考の幅が広がった。,1.0
多面的に物事を捉えることが少し難しかったです。,1.0
自分からコミュニケーションを取りに行くことが大切です。,1.0
先生の動画を見ておけば理解できると思いました。 動画はとてもわかりやすかったです。,2.0
2月または4月に開講される午前免除講座を同時に受講するといいと思います。,1.0
講義内レポートがあり、自分の考えを記述する問題があるので、授業はしっかり聞いた方がいいです。,1.0
課題の提出時間の変更は伝えてほしかった。,0.0
机の上に荷物を置かない。,1.0
内容もっとを簡単にしてほしい。,1.0
cプログラミングの基礎が学べてよかったです。だんだんコードが複雑になってくると思いますがそれがちょっとおもしろくもあります。,2.0
ピ逃げしても授業中にいきなり感想を書くことがあります。,1.0
小テストが予定日通りに進まない,0.0
高校で物理をとっていなかったら、難しいです。,1.0
テスト持ち込み不可なのでしっかり勉強した方がいいと思います。,1.0
予習、復習はした方がいい,1.0
一年生の必修科目に化学Ⅰがあるが、化学Ⅰの講義では化学の基礎はすでに理解をしている前提で進められるため、不安な人はこの化学基礎科目を履修しておくことがおすすめ。,2.0
とにかくメモをとりましょう,1.0
2年次以降、プログラミングに関連する重要な科目が増えていきます。がんばってください。,1.0
ミニテストをちゃんと取り組んだ方がいい。 リスニングを何回もする,1.0
体調不良が多く、授業に追いていかれる一方でやる度にあまり復習があまりできておらず理解が深まっていないことが多かった。休んだ日の内容を自分で解いてなかった時は次の授業で何を言ってるのか分からずもったいない時間を過ごしてしまったこともあったから体調不良はしょうがないけどその代わりにその分の理解を自分でこれかれ深めていこうと思った。,1.0
全体的に難しく問題がいまいちよくわからないことがあったので難しそうな問題は解説をもう少し詳しく教えてくださるとありがたいです。＝＝＞どの辺りでしょうか。よくわからない部分があったときに質問してください。（時間が許す限り）つきあいます。,0.0
実験は、とても大変である。実験では、より円滑にスムーズに行えるよう、授業開始前には、道具を必ず準備しましょう。また、実験の説明もしっかり聞き、電子工学基礎実験のほうでは、必ず事前に動画を確認して器具の使い方を見ておきましょう。実験後の考察も適当に書くと再提出になるので、しっかり書いて、次の実験に影響が出ないように早めに終わらせることが大事です。,1.0
しっかり課題に取り組んだ後に答え合わせをしておくこと,1.0
しっかり先生の話を聞いて補足などもメモを取る。,1.0
環境法について学ぶことができた。訴訟のところが難しかった。,2.0
授業をしっかり聞くべきです,1.0
期限内に課題を提出する,1.0
ミクロ、家庭的な経済の回りの仕組みをまなんだ。,2.0
教科書のなかで重要なところには、印をつけたほうがいいと思います。,1.0
予習、完成レポートの提出とても大変でした。けっこう、実験で苦戦したので、もっとスムーズにできたらよかったと思います。,0.0
提出物を必ず出すこと。,1.0
電験目指すなら取っておくべき,1.0
よく話を聞いて置かなければなりません。,1.0
授業中に席を立ってはいけません,1.0
積分因子が難しかったです。理解がなかなか出来なかった。,1.0
workと小テストを忘れ図にしましょう,1.0
毎日のworkと確認テストの入力を忘れないように！,1.0
人間によって地球の環境にどのような影響があり、また環境が人間にどのようなことがあったのか知ることができた。,2.0
課題で何について書かないといけないのか授業を聴いていないと分からなくなるため、何が目的で作業しているのか考えることが必要。,1.0
いろいろな方向から問題を見れた,1.0
先生にわからないことで質問しても、解答が全く来ないのでしっかりとメールを確認して送ってほしい。授業の出席状況を毎週しっかりと更新してもらわないともし間違ってたときに言っても、何週間前のことなんて覚えてない可能性があるため、更新してほしい。,0.0
課題を期限内にやっておく。,1.0
やり方や公式が分かってもどういう原理なのか細かいところまでを理解することができてない。,0.0
前期、中盤試験と自分が思っていたより難しい内容であり、ただ学習するだけでは点数はとれないので大変でした。それぞれ２回行われたテストでは思っているような点数をとることができなかったので、救済処置として行われたキャンペーンでの点数補正を行いました。先生が始めにおっしゃっていたように非常に難しい内容でただ学習するだけでは合格できないことから、改めて自分からよりマインドの高い問題にチャレンジする重要性を理解できました。,1.0
貴重なコメントを有難うございます．今年度は慣れない遠隔講義で皆さんにも多くのご協力をお願いすることとなりました．そのような中，「資料や動画が分かり易かった」「説明が分かり易かった」「自分のペースでできた」などのコメントがあり，大変に安心しております．一方で，出席課題やチャレンジ課題，プログラミング課題の難易度のついてのご要望も大変に参考になります．対面講義では，ＴＡの学生さんのサポートがあったり，学習相談コーナーを設けたりと皆さんと接しながら分からない点を解決していく機会があるのですが，今年は同等の機会を設けることが難しく，掲示板やメールなどでの対応になってしまい，スピーディな解決策を効果的に届けることができなかったことを申し訳なく思っております．前期の講義で気づかされた様々な問題点を整理し，更なる講義品質の改善へ役立てていきたいと思います．,2.0
やり直し制度があるのは良かった,2.0
毎回出席して課題を提出すること,1.0
犯罪にならないだろうと思っていたことが犯罪として成立していたり、逆の場合もあった。 自分が犯罪に巻き込まれたり、加害者にならないように気をつけたい。,0.0
レポートが大変だったのでしっかり授業後も復讐を欠かさず頑張ってください。,1.0
課題提出と振り返りがんばれ,1.0
新型コロナウイルス感染症の影響により遠隔形式で授業を始めました．大学の対面授業拡大の方針を受けて対面授業に切り替えようと思いましたが，遠隔授業の継続を希望するご意見をいただき，さらに大雪による休講（授業日振替）もありましたので，結果として遠隔主体の授業形態になったように思います．授業動画による説明がわかりやすいというコメントも個人的にいただきました．ですが一方で，すべてmyFITの掲示でお伝えするためか，課題の提出締切を失念してしまって課題が未提出になったしまった方もいるようです．授業形態にかかわらず，課題の未提出を減らすことを次年度の課題にしたいと思います．,1.0
この科目は微分積分をかなり使うので、復習して臨むといいと思います。,1.0
分からないことがあれば友達かTAに相談しましょう。,1.0
書いて予習して小テストで復習することで、頭に軽く残るようになった。 予習の計算問題などの解答が書き写せない時があったので、もう少し書き写す時間が欲しい。,1.0
レジュメを全てプリントアウトするとかなりの量になるため、PCを用いて受講することを推奨する。,1.0
科目の中で一番難しかったです。前期で合格はまずないし自信がない科目でした。,1.0
課題の締め切り日がとても短くて大変でした。,0.0
通信を行う際にどのような通信が行われているか、また、どのようにして送信や受信を行なっているかがわかった。,2.0
自力で素早く解けるようになるまでとく。,1.0
講義中に線を引くよう促されたところには線を引いておこう,1.0
法律関係で難しいことが多かったですが、例えを使って説明されることによって、わかりやすく学ぶことができました。ありがとうございました。,2.0
話しを聞かないと分からんくなる,0.0
毎回の英語の授業を楽しんで受けることが出来ました。,2.0
英会話が苦手だったので難しいと感じました,1.0
しっかりと勉強しないと単位落とします。,1.0
本文を丁寧に解説されていてとても分かりやすかった。,2.0
動画がほとんど止まって見れなかったので基本的にMoodleから資料をチェックするだけでした。 小テストはそこそこですが、これで単位を落とされたらたまったもんじゃありません。 しかも最終レポートが毎授業で提示した参考文献を自らテストのために事前投資をしなければいけないのなら第一回目に示しておくべきでしょう。はっきり言って無意味な時間でした。,0.0
課題が非常に難しかった。,1.0
同じグループになった人とは積極的に話してレポートを進めておいた方がいいです。のちに大変な目に遭います。,0.0
時々聞き取れない時がある,0.0
４回に1回ほどテストがあるのでがんばってください,1.0
数学が苦手な人は少し難しく感じるかもしれません。,1.0
小テストのを解いて、提出するまでが30分程なのはとても怖かったです。 計算量が多くて、書く量も多いとき勉強していてもギリギリだったので、オンラインでの提出の時は、提出する時間を見込んで5分ほど長くした方がいいと思いました。,0.0
各分野で再試験を実施してほしい。,1.0
gisの利便性の高さを感じた。,1.0
書く時間が少し短いなと感じた。,0.0
文字がとても小さくて前の席にいても見えない時があった。特に図を書いたり、式を書く時に添え字があるときなどがとても見づらかったです。なので友人に見せてもらうなど板書を写すだけでも、とても時間がかかっていて、先生の話についていけてない時が多かったです。 課題でいきなり問題を解くのは大変だったので、授業中に例題を何問か出して欲しかったです。そうすれば理解も深まって行くと思いました。,0.0
途中でこの授業を取るのをやめてしまい申し訳ありませんでした。,1.0
哲学に興味があったのですが、この授業で学習する意欲をそがれました。 授業においては、先生の声が聞きずらく、板書は教科書を写しただけです。また、授業アンケートの自分に対する良い意見ばかりを20～30分話して自己満足をする姿も見受けられました。 かなり苦痛な授業でした。 有意義な大学生活を過ごしたい方は履修しないことを推奨します。,0.0
教科書に直接書き込みを入れておくとテストのときに見ることができる,1.0
対面じゃないのでやりにくかった。 解析Ⅰよりも難しかった。,0.0
ちゃんと提出物をだして期限を守ること,1.0
テストが記述方式なので、講義で学んだ内容を自分の意見として活用できるように復習に力を入れると良い,1.0
ノートが多すぎた。 図が書けない。,1.0
実技確認テスト1の得点が芳しくなかった学生の一部が、その直後から履修を諦めて欠席が続くようになっていることについて一言申し上げておきたいと思います。“諦めるのが早過ぎるし、理解する機会を自ら奪ってどうする！！” と思います。古今東西、教科書を熟読し、講義を聴くことが理解の要諦だと思います。私はJavaの前身とも言える、とあるプログラミング言語を、授業のアシスタントを数年続けること（すなわち同じ講義を何度も聴き続けること）によって、ようやく理解することができるようになった経験を持っています。,1.0
大学の数学は高校の数学に比べて理解するのが難しかった。εーδ論法が一番難しかった。,1.0
人によって出来る具合の差が大きい,1.0
授業のペースが早かったので復習が書かせませでした。,1.0
話が面白く眠くはならなかった,2.0
時間を守ることは社会常識です。バスや電車の日常的な遅延は言い訳として通用しません。遅延を考慮して行動してください。,1.0
中間なし。期末だけで評価、範囲が広すぎるので、スケジュール管理は必須。 内容も難しい。ちゃんと勉強しなければ、単位落とす,0.0
前期に習った行列に関する行列式や行列の簡約化などを思い出しながら解くことができた。,2.0
授業で使った資料を授業資料として配布して欲しい,0.0
レポート作りが大変だった。,0.0
英語で授業を進めるので難しかったです。,1.0
歴史が好きだと選択するべき,2.0
週に２回授業があってペースが速いと思ったが大丈夫だった。高校とやっていることは変わらないが微分積分を用いて問題を解くので計算が大変だった。,2.0
今までオンラインで授業を行っていたのに期末テストだけ対面となるのはあまり理解できない。期末を対面を行うのであれば後期はもちろん全面対面授業になるはずですが、後期もオンラインで行うとなった場合に今回の期末テストは感染のリスクが大きすぎるのではないかと思った。 他大学と本学のコロナへの対応し方が違っていすぎて、本学のコロナ感染に対する意識の低さを感じてしまった。中途半端に対面で授業やテストを行ったことが特にそう感じた。 具体的な他大学との対応の違いとしては授業をオンラインでやったのであれば期末もオンラインで行う、または代替レポートにするなどの措置をとっていたので本学もそのような動きを取ってほしかった。,0.0
交流の輪が広がるきっかけになると思います,2.0
回路の1.2をしっかり理解して下さい,1.0
受験以降英語にほぼ触れることがなかったので忘れていることばかりで大変だった。日頃から英語は勉強しないといけないと実感した。,1.0
自分自身の歩数など意識したことがなかったので、知ることができてよかったのと自分の体調管理について考え直すことができました。,2.0
受けれるならば受けた方がいい,2.0
ある程度の意味は感じることができたけれど、将来のことについて細かく考えられたかと言われると迷う部分があった。,1.0
ネット環境などで提出物が送れなかったりする,0.0
タバコの有害性について再認識することができた。,1.0
myfitが重くログインできない時があったので課題提出の期限を伸ばして欲しい。,0.0
しっかり復習予習が必要です。,1.0
オンラインだったのでなんとも言えません。,0.0
どこが出るか毎回知りたい,1.0
黒板に書くやつはメモする,1.0
コメントごとに返信します（少し順序が入れ替わっています）。他の人のコメントにも重要な情報があるかと思います。ぜひ一読してみてください。,1.0
日本を代表する作家たちの作品や生涯について細かく解説していただきありがとうございます。文学に興味をより持つことができました。,2.0
板書しないとレポート解けないです,1.0
ノートをとることだけに集中していたら授業の内容が分からなくなってしまうので先生の話を聞くことを優先する必要があると思います。演習問題で出た問題は必ず解けるようにして試験に臨まないといけません。,1.0
データとアドレスの違いは躓きやすい箇所であると思われる。データは計算で使う、アドレスは中身の受け渡しで使うという覚え方で自分はプログラムを作っている。,1.0
写真などはメモできないので、スライドを授業資料としてクラスボックスに貼ってほしいです。,1.0
aimはちゃんと書きましょう。,1.0
プリントの提出をしましょう。 テストは自筆ノートのみなので板書がんばりましょう。 ピー逃げ絶対だめ！,1.0
プログラミングはやるのが大学が初だったがわかりやすかったし、面白かった。,2.0
恥をかいてでもわかるようになるまで、質問するべき。,1.0
他の人と協力して何かをするということがなかったので残念でした．,0.0
ノートをしっかりとるようにした方がいいと思う。,1.0
授業前に英文などの予習をしておく。,1.0
スライドを自分で作って発表したり、ディベートをしたりとグループワークが沢山出来て良い経験になりました。,2.0
教科書の内容を読み取りながら随時文法やイディオムの説明があり分かりやすかったと思う。,1.0
しっかり話を聞いていないと難しいです。,1.0
御意見ありがとうございました。 来年度以降の参考にさせていただきます。,1.0
何度も繰り返しとけば問題は解けるようになる。,1.0
付箋など使ってうまく教材を使うことが大事だと思います。,1.0
今年度は特にコロナ渦により対面での講義もほとんど無く、外の学生との交流もあまりありませんでした。そのためコミュニケーション基礎の対面講義で学生との交流ができ良かったと思っています。,2.0
講義が終わった週のうちに次講義の予習をしておく．,1.0
授業が進むに程段々と複雑なプログラムが増えていく為、1回の講義でできる限り理解を深めるようにしましょう。,1.0
席によっては黒板が見えず、どこを説明しているのかが分からない。,0.0
”調べても調べても専門用語、まさに専門用語のマトリョーシカ。”コメント，ありがとうございます．この表現，ウケました．,2.0
課題はギリギリにするのではなく、計画的に早めに取り組む方がいい。,1.0
頑張って理解してください,1.0
ほかの人たちが言いたいことは言っていると思うので私からは、あのメールでは納得がいきません。私たちは授業料を払っているので、せめて納得のいくような説明をしていただきたいと思います。,0.0
1日休んだ人が二度と来なくなったことがかなり印象深い。,1.0
授業で学習した内容と課題の内容が異なりすぎて、大変でした。,0.0
問題の答えがないから勉強したくても答えがあってるかわからなかった。,0.0
しっかり頑張ってください,1.0
知っておくと良い知識が得られるので履修する価値はありますが、理解が難しいところもあります。,2.0
代謝のメカニズムがとても多くて理解が大変でした。,1.0
FIT AIM かくこと,1.0
レポートは必ず期日以内に出すようにしてください。,1.0
とても大事なことばかりなのでしっかり予復習するようにしましょう。,1.0
舐めていたらやばい講義,1.0
一回一回の授業の復習をその日のうちにやらないとついていけなくなる。,0.0
出せなかった課題が沢山あり、すみません。,1.0
休むと評価を受ける機会を失うことになるので、なるべく休まないように‼︎,1.0
課題提出など、やるべき事をやりましょう。,1.0
オンライン授業だったので勝手が違うかもしれませんが、先生の話を聞くだけではなくちゃんと頭に入れないと中間でほとんど忘れた内容が聞かれてボロボロになるかもしれません。成績には入らないらしいですが気にするなら気を付けておいたほうがいいと思います。頑張ってください。,1.0
英語はとても難しかったです,1.0
ノート提出をしっかりする,1.0
材料力学についての理解を授業や演習で深めることができました。,2.0
いま起きている社会問題や経済のことなど知っているようであまり知らないことが多くためになった。,1.0
テストの内容が気になります。,1.0
復習をしっかりとすること,1.0
しっかりと復習すること,1.0
必修のなかで一番勉強しておかないとテストがきつい教科だと思います。,1.0
予習は難しいと思うが、復習は毎時間ごとに行った方が後のためになると思います。,1.0
友達を作ろう。話しかけないと何も始まらないぞ,1.0
毎回レジュメに記入が必要,1.0
課題で自分でまとめないといけないないので勉強しやすかった。,1.0
大量にある資料を捨てないこと,1.0
予習復習をしっかり行わないと、内容がわからなくなります。,1.0
課題がたまに難しかったです。,1.0
レジュメを毎回書きましょう,1.0
大変難しいと思う学生が一定数いると思うので周りに解析を理解できる人を見つけて早い段階で質問して分からないところを潰していくのがいいと思います。,1.0
授業内容はとても簡単なので出席すれば単位を落としたり置いていかれることはないです。絶対履修登録した方がいいです。,2.0
再履修ならないように頑張ってください,1.0
期末試験は持込不可なので、中間試験が終わったら少しずつ復習する必要があるかと思います。,1.0
授業課題の提出期限日が今まで日曜までだったのにある日急に金曜になってたことがあって間に合わなかった。悔しかった。,0.0
公式などの理解をしっかりと理解しないといけないと感じました。,1.0
先生のテスト前プリントを解く。,1.0
プログラムがどのように動くことで実行結果が表示されているのかの解説が丁寧でとても理解しやすかったです。,2.0
ヘイフリック限界とテロメア領域,1.0
授業内レポートが多いので出席しないと点数はありません,1.0
高校で化学を習っていない人には少し難しい範囲もあります。,0.0
回路に組み込んだ端子の働きと、電気の動き。,1.0
毎回、小テスト(単語テスト)があるので、計画的に取り組むことが必要。,1.0
分野別のテストのときにきちんと点数をとっておきましょう,1.0
板書は絶対に行ってください。,1.0
自分は定理を理解できていないから数学が解けないことが分かった。,0.0
しっかりとレポートに取り組む。,1.0
実験1つ1つの内容を理解することが難しかった。,0.0
課題やその模範解答での問題番号のミスや誤表記が多かったのでもっとよく確認してからアップロードしてほしい。,0.0
「発展課題」は授業中にやっていた演習問題のことでしょうか。もう少しヒントが出せるよう考えてみますね。どうもありがとうございました。,2.0
授業はしっかり聞くこと,1.0
自分の意見を恥ずかしがらずに主張する。,1.0
予習をすることをおすすめします。,1.0
予習、復習をしっかりする,1.0
班のメンバーによって進度が全然変わってくるから結構運ゲー感はあります。つまずいたらすぐ先輩に頼ったほうがいいです。,1.0
話がまとまっていないように感じて聞きにくかった。,0.0
レポート提出わすれずに。,1.0
大人数に対して授業をしているのにも関わらず、ひとり一人に質問するため非効率的 そのためQ&Aというシステムがあるため重要なことのみを質問をある程度理解している人にするべき 演習問題を解く時間をより設けるまたは解けていない問題を課題にするべき 授業中の演習時間が少なく定着ができていない、また演習問題を解く時間がないことから この単元の具体的な問題などが分からないことで復習が疎かになる わかりやすくしようとするあまり補足説明が多く逆にわかりずらい 短くすることで演習問題を解く時間を多くとれる,0.0
分からないことは質問しよう,1.0
教科書を買っておかないと詰みます。詰みました,1.0
少し進むのが早かった。スライドを写そうと思っても、早くて書き写せない。また、先生の話とスライドを書く時間が一緒なので話がほとんど聞けなかった,0.0
トイレに自由に行かせないこととスマホをカバンに入れて充電をすることに関しては許していただきたい。,0.0
テストがマジむずい。分からん。,0.0
ヒールの足音が気になる,1.0
数学が自分が思っていたよりも難しく、全く歯が立ちませんでした。しかし友達と課題を解決していく力が身についたので良かったと思います。,2.0
できれば例題は解いているところを映してほしかったです。,0.0
数学が得意な人は受けた方がいい,1.0
分からないところをほったらかしにすると後悔します,0.0
レジュメを記入しましょう,1.0
課題は模範解答を先生がアップしてくれているので問題ないが、テストの難易度がとても高いので覚悟しておいてください。,1.0
ちゃんと受けた方がいいです。 イヤホンしちゃダメ！,1.0
実験で何をするかくらいは頭に入れておいた方が良い,1.0
"松尾先生の講義は主にExcel,Wordなどを使用して、レポート作成やプレゼンテーションなどをした。これから先、沢山のレポートやプレゼンテーションをすることになるのでいい経験をさせていただいた。内田先生、三宅先生の講義は、データ数や処理時間の計測をして、レポート作成やレビューをした。難しい部分もあり、苦戦を強いられる所も多々あったが将来に役立つと思うのでそれを活かして頑張りたい。",2.0
この授業では、主に健康を題材として英語を学びました。 単語の中には今まで習っていなかったマニアックな単語や、知っている表現と同じ意味での違う表現などもあり、本文を通してしっかり学べたので良かったと思います。,2.0
レポート期限を守ることが大切です。,1.0
レポートはこれから多々あるのでおろそかにできません,1.0
きちんと出席し、レポートを毎回期限を守って出したほうがいいです。,1.0
課題は早めに終わらせておくことが大切。,2.0
先生の解説が丁寧だった。 後半の問題の解説をパソコンにあげて欲しい,1.0
今まで知らなかった福岡や九州の歴史を知れて楽しかった。,2.0
法律の観点から差別やいじめなどもう一度見直すきっかけになった。,2.0
どのような技術が存在するか調べてみてください。,1.0
遠隔授業と対面授業への対応が大変だったと思いますが、よく切り替えて頑張ってくれたと思います。是非その真摯な姿勢を持ち続け、教師を目指してください。期待しています。,2.0
抽選倍率が高いので早めに抽選申し込みをしよう！僕は3回目でやっと取れました…。,1.0
この3ヶ月間お疲れ様でした。,1.0
課題を提出しましょう。,1.0
インターネットで調べることもする。,1.0
授業中にやっちゃいけない事があるのでそれをやらない。要するに普通に受ければ良いだけです。授業態度が悪かったら単位は取れません。,1.0
式が沢山あって正直難しすぎた復習もっとしておきたい,0.0
毎回ある小レポートは、とりあえず期限までに出せばどうにかなりそう,1.0
課題のプリントで中心線と元々書かれている図形がずれていたりして少しやりづらかった。,1.0
初回授業で資料は後日配布するとお話しされていましたが、資料が配布されないので最終レポートが不安です。,0.0
電気回路の理解を深める面白い講義でした。電気工学基礎の理解に役立つ内容でした。逆もまた然りです。,2.0
予習課題の存在を忘れてしまったことがあまりよろしくないことだと反省しています。,0.0
スマホで遊んでいる人がいると、連帯責任で期末テストが持ち込み不可になってしまうので、真面目に先生の話を聞いて授業を受けるようにしてください。,0.0
繰り返すことが大事になってくる。,1.0
講義自体はとても楽しかったし、やりがいもありましたが、グループの中で各々の仕事の量が均等でないグループが散見されました。私のグループもその一つです。グループを統率しきれなかったリーダーの責任と言えばそれまでですが、CSも多くいる授業なのでもう少しグループの活動を細かく見てほしかったと思います。最後になりますが、色々な研究や、グループで活動すること自体は本当に楽しかったです。ありがとうございました。,1.0
楽しかったです。ただ、ビデオの内容をもう少し考慮していただけると助かります。朝から人がバンバン死ぬやつやセクハラ等の胸糞映画はあまり見たくなかったです。,0.0
どのようにすればモーターが回るのかいろいろ試行錯誤しました。,1.0
予習、復習をしていた方が良いと思います,1.0
授業中の話をしっかり理解できるように聞いておくようにしましょう,1.0
わかりやすかったが課題が大変だった,2.0
できれば、オンデマンド授業を少し減らしてほしい。,1.0
この科目のテスト勉強は、一週間前から始めても手遅れです。,0.0
無遅刻、無欠席で早めの作業を意識すること。,1.0
授業のスピードが速くノート取れない,0.0
ノートをしっかりとる。,1.0
毎回感想を書くけれどそんなに時間がかからない,1.0
初めて知ることが多くあったので、復習の時間をもっと設けるべきだと感じました。,1.0
民法のことがよくわかりました。不法行為のことや事務管理のこと、免責事由がどんな時に使うのかがわかりました。,2.0
先生が作ったプログラムを打つだけじゃあまり理解できなかった,0.0
教科書の予習をしていかないと講義についていけません。,0.0
課題はすべて期限に出す,1.0
fit-AIM準備シートは、しっかりと書いていた方が良いです。,1.0
大事なところなどを、重点的に教えてほしかったです、また、途中で先生の説明がとまることも多々あった,1.0
授業の進捗が自分的にはとても速いと感じた。,0.0
演習問題の解答や、解説動画などあれば授業資料などに公開して欲しいです。 欠席した時の演習問題を解こうにも解答が分からず困ることがありました。,0.0
心理学ってこんな感じなんだなと思った,1.0
字が見えにくいときがありました。,0.0
事前学習用の動画があることでとても学習しやすかった。,2.0
計測器や誤差のやり方をやる,1.0
反復で問題を解くことが大事,1.0
主張反論の作り方について詳しく学べました。,2.0
遠隔授業ということもあり、先生とのつながりを感じれることもなく、課題を提出しても何の反応もないのでいろんな不安を感じた。,0.0
コバルト（Ⅲ）はわかるんですけど、どれがⅡとかⅠとかわからないです。,0.0
メモをとってください。,1.0
提出物はちゃんとだすこと。,1.0
授業中の声が小さく聞こえない。ボソボソ喋っているので何を言っているのか分からない。テストの点数での評価しかないが、テストのレベルが高すぎる。,0.0
社会的なことを学べるので興味のある方は履修しましょう。,1.0
小テストを毎回行うことで分かりやすく理解を深めることが出来てよかった。,2.0
レポート課題は最終提出だが、貯まると多いのでコツコツ終わらせたほうがいい。,1.0
パワーポイントのみでの理解が大変でしたが、自学の力が尽きました。,2.0
予習をしないと席がありません,0.0
法律に興味がない人はおすすめしない。テスト時は持ち込みOKだが、見る場所も多いため難易度としては高い方だと思う。,0.0
課題が多すぎるので減らして欲しい,1.0
半年間ありがとうございました,1.0
授業資料を印刷しておいたほうがいい。,1.0
提出物はちゃんと出した方がいい。,1.0
テストが持ち込みありでも難しかったです,1.0
企業がどのようにできているのかが分かった。,2.0
電気回路の過渡現象は理論を知ることだけではなく、機械設計においても考慮しなければ故障の現認になりかねないという重要な現象であることが理解できた。,1.0
コロナ禍で感染が広がっている中通学するのは少し怖いです。,1.0
テストの答案を返却して欲しいです。どこが間違ったのかやどういう間違いかたをしたのかわからないので。本当にお願いします。,0.0
レジュメをしっかりと復習することとメモをとりながら授業にのぞむ。,1.0
初めてプログラミングをしたので難しかった。,1.0
プログラム関係の就職を目指している人は避けて通れない教科です。,1.0
課題を期限以内に出せるようにしたらいい,1.0
勉強しないと受かりません。,1.0
FIT-AIMの期日を見る,1.0
マナーに関して厳しいですが、授業の内容は楽しいです。マナーに気をつけて講義を受けて下さい。,2.0
お疲れさまでした。オンラインの授業は、大変だったと思います。 私自身、至らないこともたくさんあって、ご迷惑をおかけしました。 コメントをいただいたこと、今後の授業にも生かしていきたいと思います。,1.0
ロボットの便利さに対して危険な部分もあるということを映画や講義を通して学んだ,2.0
プリントを毎回メモして、教科書にマーカーをひく,1.0
課題が毎回出るので先生の話をきちんと聞き重要なところなどメモをとる。,1.0
生物学実験では様々な実験をすることが出来た。 実験Bが少し変わったりしたがそれ以外は不自由なく実験でき、成功できたのでよかった。 実験Bのレポート変更の際通知がなく、クラスプロファイルを確認しておかないと変更内容が確認できなかったので少し不便だった。,0.0
先生が話すだけの授業なので、あまり頭に入ってこなかった,0.0
前期よりもプログラミングの専門的知識が大幅に増えたと感じた。,2.0
教科書に書き込みをしていくと分かりやすいと思います。,1.0
英語の内容は難しくなかったです。ただ解説がたまに早くなっていつのまにか終わっていることや、授業後半になると騒がしくなってしまうのが持ったないなと思いました。生徒側の問題ですがそう言った雰囲気にならないようしていただけると助かります。,0.0
教科書は買った方がいいかもしれない。,1.0
「オフィスアワーに行ったとしても何も得られず」：時間内には、点数増加にむけて直接的な指導をしたつもりですが、すいません。（次年度学生へ）本講義には、教員によるオフィスアワーに加えて、学生ＳＡにより学習相談コーナーがあります。オフィスアワー利用は少ないので、何か得られるまで毎週通ってください。,1.0
講義内でするプリントを何度も解く。,1.0
貧困問題は深刻である。なぜならば、貧困者の生活が困難になり、環境にも影響を及ぼすということを理解できました。,2.0
javaの課題が鬼ムズイ,1.0
授業や学期末での課題で忙しい中、ご回答、どうもありがとうございました。アンケート結果やいただいたコメントは、今後の授業にも活用させていただきます。 Formsの予習や授業動画を視聴するのは、大変だったと思います。どうもお疲れ様でした。 古川武史,2.0
理解度テストは、プリントから出るので、そこまで難しくはないです。,1.0
期限内に提出することができた,1.0
映画が思ったより強烈すぎた,1.0
英語の勉強方法を教えてください。もっと英語ができるようになりたいと感じました。,1.0
初めて見るものや触るもの、学ぶことばかりだったので大変だと感じた,1.0
最後が難しくなるので頑張ってください。,1.0
わかりやすい説明でした。,1.0
課題提出 出席をしっかりする,1.0
スライド進むの早すぎます！,1.0
手描きノートしかテストで持ち込めません。,0.0
姿勢、服装、授業態度で注意されたことがある人は要注意。これらのマナーに関する厳しさは全講義の中でもトップクラスに厳しいです。 授業ごとに短い感想文レポートを書かせられるので作文、小論文が得意な人には向いているかもしれません。,0.0
解説がとても分かりやすかったです。しかし、やむを得ず欠席しなければいけないときに、周りに理解している人が少なく、わからないことがありましたので、問題の回答がないので、不安になりました。,2.0
毎講義、具体的な目標を設定してから受講すると課題が早く終わると思います,1.0
しっかり話を聞いてノートをとってください,1.0
様々な視点から環境について学べた。,2.0
遠隔講義であったため、分からないことがあったときに質問がすぐできない状況が少し不便だった。,0.0
高校で生物を勉強してない人は途中少しきつくなるかもしれません。,0.0
小テストは必ずしてください。,1.0
授業を聞いて、宿題は必ず守りましょう。、,1.0
もう少し授業スピードあげても良いかもしれません,0.0
課題が難しかったです。,1.0
材料にどのような性質があり、どのような現象が起こり変化したのかなどがわかったので良かった。,1.0
宿題は期限内にやろう。,1.0
内容的に、先生の話を聞き板書を書き写せば解けるようになります。,1.0
過去や海外の環境問題、政策を学ぶことができました。印象が強かったのは、公害に向き合わなかった企業は現在、生き残っていないという言葉です。本当にそうだなと思いました。,2.0
課題を継続してすることで内容を定着させることができた。,2.0
こちら側が大人にならないとイライラします。レポートはやればいけると思うので頑張ってください。,1.0
授業にしっかり出て、練習問題に取り組むことが大切。,2.0
正解のない実験をするのが苦痛で難しかった,0.0
今までの総復習をすることができます。,2.0
期末テスト対策が何をすればいいのか分かりにくくきついです,0.0
予習が少し大変だと思うけどしっかりやっておいた方が良いと思う。,1.0
何を言ってるのか分からない時があった,1.0
毎回講義が終わる間際に来て出席になる人がいると最初から真面目に受けている人がバカらしくなってくるので講義開始後20分以降は欠席扱いにして欲しかったです,0.0
人を指名して当てた方がいいと思う。,1.0
"テストは学期内に2回あります。どちらも持ち込みはすべて可です。スマホやPC,iPadなどが持ち込めます。だからといって、対策を怠ると時間内にテストを終わらせることができなくなってしまうかも知れません。",1.0
通信における計算方法や語句について知識を増やすことができた。,2.0
ベクトルから始まって、行列までを分かりやすく教えていだだけたので理解出来ました,2.0
講義内の説明は分かりやすかったと思います。しかし課題の中での式の導出で少し説明があってもいいのかなと思いました。,1.0
テキストを1回読んで授業を聞き、テスト前に読み直せばある程度覚えることができるはずなので予習をしっかりとやりましょう。,1.0
微分積分の知識が前提になります！注意！,1.0
課題が難しかったです。,1.0
小テストがあるけどプリントを見たら解ける。,1.0
任意提出の宿題がありますが，より理解を深めたり計算練習をしたりするために，できる限り取り組んだほうがいいと思います．,1.0
ちゃんと予習し、復習しなければなりません。,1.0
自分で勉強しないと、理解できない。,0.0
本講義では、水力発電や火力発電、原子力発電、風力発電、太陽光発電といった様々な発電と変電について、それぞれの原理、構造といった基本から、電験にも関係するような基礎的な計算についても教授しています。幅広い内容のため、用語の理解だけでも大変だったと思いますが、講義前の課題プリントの穴埋めをしっかり行った人、講義動画最後の小テストを理解するまで何度も解いた人は、講義が終わった今、成長を感じられているのではないでしょうか。２年生から専門科目が増えていますが、しっかりとついてきてください。,2.0
女性には「恥ずかしいだろうから答えなくて良いよ。」と質問せずに、男性だけにプライベートな答えづらい質問をするのは差別的であまり良くないなと思いました。どうしても、授業であのような質問が必要なのであればチャットで打つなどの男女問わず答える側が答えやすいような方法で授業をするべきだと思います。 また、授業がリモートになったのに授業開始10分前にZOOMのURLが送られてきたり、評価内容について詳しく説明が無いなど、生徒に対して不親切な面が多く見受けられました。,1.0
予習復習が大事だと思います,1.0
行列とはどのようなもので、計算をどのように行うのか分かりました。,2.0
体育館シューズは絶対に忘れちゃダメ,1.0
これからの社会の在り方について考えさせられる講義内容であった。技術の発展により、ロボットが意思を持つ未来が来ると考えると恐ろしいです。,2.0
とてもわかりやすく、楽しかったです。ありがとうございました。,2.0
PCでべつのことはしないようにしましょう,1.0
期末テストが自分の書いた資料しか持ち込めないため毎時間の授業のメモをしっかりとるようにしたほうがよい。,1.0
現在われわれを取り巻く様々な問題や課題に対して議論を通して理解を深めることができたのでとても有意義だったと思います。,2.0
班ごとに発表があるので頑張りましょう。,1.0
ハザードマップなどを作成したことにより危険な場所や避難場所を知れた。,2.0
授業では、ノートをきちんと取って重要なポイントはメモをしたほうが良い。課題はしっかり取り組み、復習をきちんとすることが大切だと思う。,1.0
レポート作成が難しかった,1.0
履修してみるのもいいとおもいます,1.0
凄く文学に対しての興味がそそられました。,1.0
レポートが大変なので計画的ににやりましょう。,1.0
みんなで協力してスポーツだけでなく、レポートの発表にも取り組んだ,1.0
レポートは忘れずに提出しましょう。提出期限はかなり余裕を持って設定されていますから余裕を持って書いてください。またFIT-AIMの入力ではその作品の感想などを記入しておくとレポートの参考になると思います。,1.0
振り返りを書きましょう。,1.0
しっかりとメモをとったり、分からないところは調べたりして事前に予習したら良い。,1.0
講義で扱う文法のほとんどが中学生のときに学んだことばかりであまり自分の為にはならなかったという印象を受けた。また、リスニングに関しては高校レベルのものから実際に海外に行った際にも使えた表現も含まれていて個人的には充実していたと考える。全体的に授業進度が遅く、課題も簡単でやっていて大して意味のあるものではなかった。,0.0
多くの素晴らしい学びがあったようで嬉しく思います。講義では1回完結のテーマで時間が限られるため、検証が十分に行われた信頼性の高いデータを中心に構成しています。講義は終わりますが、ぜひこれからも各自で新しい知見をインプットしてください。みなさんのご活躍を心からお祈りしております。 いただいた貴重なコメントは今後の講義に活かしていきます。どうもありがとうございました。,2.0
内容が難しいので頑張ってください,1.0
自分の好きなことを学べているので、楽しいと感じました。授業の実習だけでは、技術は身につかないと感じました。だから、自主学習として行わないといけないと思いました。,2.0
毎回の講義で覚えておくべき場所などを教えてくれるので復習の時もどこを重点的に復習すればいいかわかって助かりました。,2.0
毎回の小テストがんばれ,1.0
授業時間外の学習時間に関する回答の平均が、想定されている240分間よりもかなり短いものでした。授業内容を十分には理解できず、難しいと感じた方が多かったのではないでしょうか。,0.0
計算がかなり多くて大変でした。,0.0
公式は最初の方から順々に繋がっているので、その公式だけを覚えるなではなくどの公式がどう関わってくるのかをる回したうえで勉強しましょう。,1.0
そもそも使う道具が壊れているため実験がまったく進まない。道具を整理したり壊れているものを分けておいたりしても次使うときごちゃごちゃになっていて迷惑だった。なので予習をしておいても順調に実験が進むことがなかった。,0.0
積極性を問われるような発表スタイルでやや採取は動揺したが最後まで率先して発表をしたりテスト勉強を行なったりと積極性を身に着けられるような抗議だった。,1.0
実験前に1度、教科書を読んでくること。,1.0
提出物をきちんと提出しましょう！,1.0
欠席しないように頑張ってください,1.0
今年の前期の授業についてのたくさんのコメントありがとうございます。 たくさんの反省点が見つかりましたので、後期に繋いで与えられた環境でよりいい授業を行いと思っております。 皆さんの貴重なご意見ありがとうございます。,2.0
コア科目なので取りこぼしは留年リーチがかかる！2年次までには絶対単位を取る,1.0
レポートが難しかった。,1.0
意見として、中間テスト前に予習動画が消されていたのでテスト前の確認ができませんでした。予習を定着させるためと理由でしたが、真面目にやっている人からするととても不便なことだと思いました。,0.0
難しい計算が多くて理解に苦労しました。,1.0
レポートを期日までに出すこと,1.0
前半60分で講義，後半30分で演習という形式で進めてくださったので、 90分の講義内で理解を深めることができました。,2.0
予習をしっかりしないとついていけなくなるので、やるべき。,1.0
課題は早めに取り組みましょう,1.0
行列について詳しく知らない状態からはじまったが、今までやって、たいていのことがわかるようになった。これから行列についての知識をより深めていきたい。,1.0
回転するものと回転しないものが動くとき、回転するものは慣性モーメントによって回転しないものより速度が遅かなることを理解しました。また、地球は回転しているためコリオリ力が働いているように見えることを理解しました。,2.0
中国語Ⅰを受講してから受けないと全く理解できない。,0.0
提出方法や締め切り日を先生から言われるので聞き余裕を持ってレポートに取り組む。,1.0
授業を集中せずに受けるとどんどん置いていかれたので後悔しました。,0.0
もう少しだけ動画の時間を短くすると良い,0.0
自主学習を怠らないほうが良いです。,1.0
演習課題と中間及び期末テストで点数を取ること。演習課題は教科書や資料だけでは理解が不十分だと思うので、ネットや参考書を熟読することがおすすめかと(時間に余裕があれば)。意外に大変。,1.0
時間がとても少なかった,0.0
やり方を理解すればそれの繰り返しだから内容を理解すること,1.0
予習と復習をしましょう。,1.0
テストは持ち込み可ですが、手を抜かず対策することを心がけましょう。,1.0
提出物はちゃんと出すこと。,1.0
パワーポイントがとても分かりやすく、毎回小テストがあるのでよく復習することができた。,2.0
小テストが定期的にあるので注意！,1.0
メモをとったり重要なところはしっかり復習してください,1.0
オンラインでグループの人と課題をこなすのが大変でした。,1.0
fitaimは必ず記入してください。,1.0
内容が難しかったです。,1.0
様々な自然破壊や環境問題を学ぶことができました。,1.0
九州の歴史についてまなべた,1.0
将来の計画や社会問題について考える良い機会になりました。大学生活に役立てていきたいです。ありがとうございました。,2.0
レポートでは自分で考えたものを書いた方が良い,1.0
簿記は授業だけでマスターするのは困難です。そのためには授業以外でも自主的に予習や復習をし、授業に備えておくことが大事です。,1.0
>自分でコピーをしなくてはならなかったので、コピー機がない人は大変だと思いました。・・・・・・ご意見ありがとうございます。確かに、その点に関しましては受講生へ負担をかけてしまい申し訳なく思っています。福永も遠隔講義は初めての体験なので、最初の頃はそこまで気が回りませんでした。今後は印刷せずPCを用いて直接pdfファイルに答案を書き込める方法を紹介するなど、なるべく受講生に負担がないよう、改善に努めていきたいと考えています。,1.0
課題の量が多いので皆さん覚悟の準備をしておいて下さい,1.0
授業中に解かないならせめて答えは載せてほしい．,0.0
歴史が好きな人は受けたほうがいい,2.0
楽しいウェルネス応用をありがとうございました。,1.0
発展課題をやると点数がもらえて単位を取りやすくなるので、発展課題をやったほうがいいです。,1.0
授業の内容をしっかり聞いておきましょう,1.0
時間ギリギリになると話すスピードが速くなって追いつけずにメモがとれない時があるため、もう少し話す内容を絞ってもいいのかなと思いました。,0.0
簡潔で、わかりやすかった。内容は難しい,2.0
難しい問題が多く解き方を覚えるのが大変でした。,1.0
もう少しノートに書き写す時間が欲しいです。書き写してない状態で解説があるので聞き逃してしまう部分がありました。,0.0
計算ミスなどの勿体ないミスに気を付ける。,1.0
サッカーにして欲しかった。,1.0
毎回レポートがあるので出し忘れないようにしましょう。,1.0
新しく学ぶ事が多くとても難しかった。,1.0
C言語の基礎的な知識が身につき、タイピングも上達しました。,2.0
ノートは早めに取っておかないと後々大変なことになります。,1.0
毎回ある小テストの予習をすること,1.0
1回目レポート出していないのですがどうすれば良いですか？,1.0
簿記を学ぶのが初めてだったので、先生の説明を聞いてもいまいちわからなかったです。,0.0
毎日勉強しましょう。勉強しないと置いていかれます。他の授業の内容も入ってくるので、しっかり復習しないと単位が取れません,1.0
とりあえず課題をすべて終わらせてください。テストのときに困ります。,1.0
マイクを使っていますが、あまりマイクに声が入ってない気がします。席が後ろだと前の学生がざわついていたら、聞き取りづらいことが少しありました。,0.0
遠隔授業ではやりずらい部分もあり、課題などが少々面倒だと感じることがありました。,1.0
配布された小説を読んでレポートを書く課題があるので、期日を守るようにして下さい。,1.0
授業スピードが速くなったりするので少し大変だった,0.0
化学が苦手な人は受けた方がいい。,1.0
公認会計士に本気でなろうと思いました。先生の話が面白くてもっと聞きたかったです！,2.0
提出物をきちんと出す。,1.0
情報技術のことを普段学習しているので、あまり経済のことについて知りませんでしたが、この授業では面白くわかりやすく教えてくださるのでとても楽しかったです。,2.0
今回は、オンラインという不慣れな授業となりました。オンラインだから普段と比較して、特別やらなくてはいけないということはありませんでしたが、HACCPという重要かつ難しい内容であるため周りの友人などと話しあうことが大事だと思います。また、重要な部分とそうではなさそうな部分を自分なりに分けて復習をするといいと思います。,1.0
自分が初めに思っていた異文化とは異なっていたけれど、外国の文化だけが異文化ではないと分かった。,2.0
初めて聞く単語、それらの数式があるから難しい。,0.0
優しく教えてくださいました,1.0
レポートなめたらいかん,1.0
授業はわかりやすいと思います。,1.0
実験によってどのような反応が起こるか、なぜそのようになるのか考えることができた,2.0
毎週出される確認テストを繰り返し解いて、解き方を理解すること。答えを丸覚えしても意味がない。,1.0
とても分かりやすかったです,2.0
式の導入までがややこしい,1.0
単位をきめるのは小テストがすべてなので休まずコツコツ点数をとったほうが良い。,1.0
歴史について知ることができた,2.0
最初きついけどがんばれ,1.0
＞早く終わった人用に加点用の課題をさせるなどすればよいと思います。 → 以前トライしたことがあります。採点の負荷が高まるので現在は行なっていませんが、なんらかの工夫ができるのであれば、再検討してみたいと思います。,1.0
教科書の何ページ何行目にある、などちゃんと言ってくれたりしてくれるおかげでどこの解説をしているかがわかるためとてもやりやすい授業でした。,2.0
分からない所は質問して理解すべき。,1.0
これから先に行う実験のテーマに対してより深く調べ上げることが重要。,1.0
忘れ物やレポートの期限を守ることが大切だと思います。,1.0
メモをしかっりととる。,1.0
重要なことをメモすることが大事。,1.0
ノートを取る時間はあまりありません。何を学んだか思い出せる程度にメモして、内容を理解することを優先して受講するとよいと思います。過年度の動画を視聴した後に説明や補足がありました。,0.0
全くやったことがなくて、プログラミング得意な人に聞かないと全然わからないこともあった。,1.0
予習をしっかり行い授業を受けた方が理解度が違うため頑張る方がいいと思います。,1.0
経営者を目指している方は、この抗議はこれからの社会に役立つと思います。,2.0
ドリルをしっかりやり込まないとテストが難しいと思う。高校で習っていても授業を受けるべき。,1.0
講義を通して、自分で問題を解くというよりは、ソフトを利用してＰＣに解かせるという感じだった。 講義の初めのほうに少し説明があって、あとは自分でやってくださいって言われる。 質問をしても、不十分な解説ばかりで、追いつかない,0.0
質問に対する回答は一覧表で紙媒体にして回答よろしくお願いいたします。授業資料はmyFITにアップロードしてください。,1.0
毎週きちんと勉強しましょう。 後で大変になります。,1.0
ある程度は高校で学習したもので理解はしやすかったです。これを基礎に応用編でも理解できるようにします。,2.0
ノートをしっかり取ること。,1.0
実行しても違う結果がでたりなど多く、課題の一つ一つにとても時間がかかったが最終的にはうまく実行できた。,1.0
わからないことはすぐに質問すること,1.0
R言語は初めて学習する内容だったかC言語よりスムーズに理解出来て簡単だったと感じる。,2.0
理解度確認テストへ向けて早めに勉強すべきです。,1.0
研究の大変さがわかりました。,2.0
訳や発音について詳しく教えていただいたので勉強になった。,1.0
めっちゃむずい。がんばれ。,1.0
化学基礎を理解していない人は受けるべき。,2.0
小テストをしっかりする,1.0
間違っている部分が分からないので、テスト結果の返却をしてほしいです。,1.0
この講義で会計学は人生の選択肢を豊かにするものだと感じました。少し難しいところもありますが、苦手意識は無くなったのでこれからも継続して勉強していきたいと思います。,2.0
歴史が好きな人はとったほうがいい,2.0
班のメンバーによって難易度と帰宅時間が変わります…,0.0
好き嫌いがはっきり分かれます,1.0
異文化は海外のことだけではなく知らない文化や自分とは違う文化も異文化であると知ることができた。毎週楽しく抗議に参加できた。,2.0
事前に予習しっかりしておくこと,1.0
おすすめの授業です。小レポートがありますが計画的にすればすぐに終わります。,1.0
なかなか覚えることが多くて大変だった,1.0
遠隔だったので参考になるかわかりませんが、それぞれの先生ごとに課題提出があってそれが点数に直結していたので出し忘れ等のないように気を付けてください。,0.0
提出期限を当日の23時59分までにしてほしかった。,0.0
しっかり先生の話を聞いておいていかれないようにしてください。,1.0
FitAIMはちゃんとやった方がいい,1.0
授業に集中して、板書していくことが大事だと思う。,1.0
一つの問題に対して、時間を取りすぎるので、レポート問題を解く際にはヒントを与えるべきだと思いました,0.0
数式をアルゴリズムに落とすことは初めてだった。,1.0
図書室での調べ方を学んでおくべき,1.0
予習をして常に講義の進行度よりも先に進めている状態にした方がいい,1.0
自然が好きな自分にとっては楽しく感じる科目でした,2.0
歴史についてなかなか細かいところまだ教えてくれた。地方の歴史も学べてよかったです！,2.0
授業をよく聞くと良い。,1.0
自分の意見を持って授業に望むこと,1.0
スライドに書いてあることを教科書にメモしておけばテストは大丈夫だと思います。,1.0
提出物はきちんと出すようにする。,1.0
日々予習復習を頑張ってください。,1.0
発表したあとの質疑応答の時間がとても不甲斐ない結果に終わったので最後の、発表会では自分が全部答えるぐらいの勢いで取り組みたいと思いました。,2.0
講義の感想は1回1回確実に書いていく,1.0
中村先生が楽しそうだったのがよかったと思う。,2.0
振り返りをしっかりする,1.0
１単位に対する必要時間はほか授業に対して大きいですが、大きな経験になることは間違いないと思うので興味がある人は履修してみるといいと思います。,2.0
プリントを見てずっとその内容を述べるだけでどこが重要なのかあまりわからなかった,0.0
難しいので、しっかり復習が必要。,1.0
課題を期限内に提出する。,1.0
一つの言語だけでなくいろいろなものを学んだので混ざって難しかった,1.0
テストの日に授業時間前にテストの説明をしていたので授業時間になってから説明をして欲しかったです。,0.0
出席とる時間が異常に長い時がある。,0.0
どのようなことを研究しているかわかった,1.0
エラーが出ていたのでそこを無くせばいいと思います。,1.0
小テストは忘れずにしておく,1.0
化学の専門的な内容だけでなく、日常に絡めた内容についても学習することができたので意欲的に取り組むことができた。,2.0
ただ聞くだけでは理解できず記憶にも残りにくいのでちゃんとノートを取って教科書にも書き込むぐらいやる気をだして講義に臨もう,1.0
経済の変化に対応することが大切だと思う,1.0
講義内容をしっかり聞けば十分理解出来ると思います。,1.0
出席して、レポートを期限内までにだすこと。,1.0
研究室訪問のメールの確認をしてもらえなかった。,0.0
宅建の資格を取ろうと考えているのでためになった。,1.0
暗記が多く大変だった。,0.0
SDGsは繋がっていることがわかった。,1.0
ノートはとらないので予習復習はより大切,1.0
やり方さえ理解すれば問題は解ける。,1.0
様々な制約がある中での受講になります。 社会科の免許を取得したい人以外は選択科目であると思いますので、1回目の講義でよく検討したうえで受講してください。,0.0
九州の歴史についてしれた,1.0
二つのレポートを忘れずに提出しよう。,1.0
入学時とは違いオンライン授業に全く意欲が出ない。大学生活の時間の使い方も分からず自主的な学習とはいえ、自宅での学習はおろそかにしてしまう事がある。画面を通して授業をうける事がストレスになっているので対面授業がよかった。想い描いていた大学生活は何もなく、こんなにもストレスを抱えることになるとは思わなかった。後期から対面授業となるのかわからないが、前期で疎かにしてしまった勉学を取り戻す事ができるのかを知りたい。今更やり始めても追いつけず単位は取れないだろうなと諦めかけている。追いつけていない自分の現状にはらだたしく思う。,1.0
黒板に書かれた物は全て記述すること,1.0
前期の英語と比べてスピーキングやリスニングでの講義が多くて、実践型の英語が苦手な自分にとっては苦手を克服する為に必要な講義ばかりでした。次学年以降もこの講義で学んだことを生かして頑張っていきたいと思います。,0.0
予習と復讐をする癖がついた,2.0
FITAIMの記載が重要だと思ったので、講義の次の日以内には入力するべきだと思う。,1.0
c言語がこういうものなんだとしれたのでよかった。,1.0
復習をしないと調査の種類や調査で使う道具が混乱する。,1.0
毎回小テストがあるので復習をしておかないと大変なことになる。,1.0
日本語だけでなく英訳された文章も配布されるため、比較することができた。,2.0
まじで難しいから最初から先生の話をしっかりと聞くべし,1.0
課題をしっかりと行い、その内容をしっかりと理解する。,1.0
課題はなるべく早く終わらせる,1.0
解析よりは簡単だからがんばれ,1.0
電気工学概論は自分自身で考えても難しい部分もあるので先生に協力を仰ぐことが重要であると感じました。,1.0
発音テストをがんばろう,1.0
テストで間違えて萎えているがカルノー図について理解できた。ほかにも順序回路などについて理解できた。,1.0
今の大学生に伝わらない例えが多いです。(E缶など),0.0
先生が覚えてっていった内容はメモしておく。授業用スライドをスマホかパソコンで表示しながら授業をうけた方が良い。,1.0
小テストを期限内にやる,1.0
ノートパソコン忘れずに。,1.0
予習復習プリントが出ます。,1.0
先生がひたすら教科書を読むだけです。この講義は自分自身で理解していかないと難しいと思います。 しかし、C言語はプログラミング分野において難しい部類になりますので、難しいプログラミングに触れたい方は、お勧めします。,1.0
自分が全て正しいと思いすぎていると思います。,0.0
何を喋っているのかも伝わりにくかったし、ひとつ一つの授業のスピードが早く質問等もする時間がないのでとても難しかった。課題だけ多く、なんの意味があるのだろうと思ってしまった。,0.0
正直電気工学概論でモーターカーは作ったのでもうこの授業入らないと思います。モーターカーを作ると言うより設計図を書いたりするのをもっと学びたいです。,1.0
演習までに内容を理解して、演習に取り組むようにしました。プログラムのミスを自分で一つ一つ確認することが大事です。,1.0
一年後期で一番きつい授業なので頑張りましょう,1.0
フーリエ変換とかを理解しておいた方がいい。難しい。,1.0
数学が難しくて理解が追いつかなかった。,0.0
発音について細かく、講義をして下さり、英語という言語に対してのハードルが少し下がったと感じた。,2.0
動画作成お疲れさまでした。,1.0
今なんの単元を勉強しているのかを理解しておけばいいと思います。,1.0
日常生活で法律違反が多く潜んでおりそれに気づくことができた,2.0
小テストのやり直しを行うこと。,1.0
予習も復習も同じくらい必要です。,1.0
とにかく難しい内容なので、ノートを見返して理解を深めて下さい。,1.0
提出物はちゃんと出すこと。,1.0
一つ見逃すと取り返しがつかなくなるかもなので気を付けて,1.0
遅刻欠席がないように頑張ろう。,1.0
わかりやすくてよかったです。ですが、最初教科書が売り切れという状況だったので教科書の量を増やしたほうがいいと思います。,2.0
課題の件は申し訳ございません。,1.0
交流においての微分積分が分かりにくかった。,0.0
課題は授業資料じゃなくて課題のタブに入れて欲しい,1.0
小テストはしっかりと受けること。 課題は毎回必ず提出する。 なるべく欠席はしない。,1.0
穴埋めしたところが分かりずらかったです。 レッドポインターが小さすぎて、どこを指しているか分からないことが多々ありました,0.0
きちんと学ぶことができました。,2.0
専門用語が多いとので用語と意味を理解しながら覚えていくとよい。,1.0
なぜこうなるのかを具体的に説明してくれるので分かりやすかった,1.0
ICP発光やUV吸光度など実験で使う内容の理解を深めることができた。,2.0
内容が難しく、あまり理解することが出来なかった,0.0
難しいけどとてもタメになる内容だった,2.0
基礎てきな問題しか解くことができなかった。少しでも応用されるとま全然解けなかった。,0.0
中間テストなどがないため最初の内容を忘れてしまう,1.0
小テストの配点が高いので、取りこぼすと定期テストで高得点を取らない限り単位の取得は難しい。,0.0
ノートを取りましょう．,1.0
最初の試験では、課題において、他の人に頼ることが多かったり、事前の準備の取り組みが不十分だったため、ほとんどとくことが出来ずいたため、事前の取り組みがどれほど重大なのかを身をもってしる結果になった。,2.0
分かりづらいので、数学苦手な人は大変,1.0
レポートを提出期限までに完成させた、あるいはそれに近い状態で提出すること。 一部の実験については実験終了時間を過ぎても残っていい場合がある。その場合は考察を考える時間に使うといい。,1.0
国府畔になるにつれて難しくなっていき大変でした。,1.0
配布するスライドには、穴が空いているので、しっかりと授業に取り組むことをおすすめします。,1.0
内容が非常に難しかった。,0.0
講義最終日に自分達のデザインのプレゼンテーションを行うので準備をしっかりする。,1.0
期末テストはありません。,1.0
取りたい人だけ取ろう。,1.0
電験機械のためにがんばれ．,1.0
実験レポートを出すまでがんばれ！,1.0
いくつかわかりにくい場所あり少し大変でした。,1.0
STLとは何かコンテナとは何か知ることが出来た。,2.0
オンライン授業でしたが、Power Pointの資料が毎回配付されていたのでそこまで理解出来ないようなことはなかったです。ただ、教科書に記載されていない内容が時々あり、それらはwebなどで調べる必要があったので苦労しました。,0.0
出席してプリントを全部もらえば、勝ちゲーや！！ あとは、テストのための勉強するか、自分のための勉強をするかどうかはあなた次第です,1.0
もう少しテストで出る部分等を教えて欲しかった。,1.0
授業を休まないようにして下さい。,1.0
個人的にとても学びたかった3次元の座標変換に関することを学ぶことが出来てとても楽しかったです。物理で剛体の回転を記述する際、オイラー角や慣性モーメントなどのことが十分に理解しきれなかったので、今回学んだことを縦横無尽に使おうと思います！ありがとうございました。,2.0
レポートを時間をかけて作るといいと思う。,1.0
講義内容・課題ともに難しかったです。課題が難しいため、講義内容を何度も復習しました。それでも解けないものが多々ありましたが、その行動が講義内容の理解に繋がった気がします。,1.0
コロナで対面授業が一度もなく先生から直接教わることがなかったがのが残念でした。,0.0
授業内容は難しくなかなか理解できない部分もあったが例えばを自分で考えてアウトプットしたり、先生の体験の話を聞いたりすることで分かることがあり、分かりやすかった。しかし、スライドのスピードが日によって違い少し早すぎてノートが間に合わないことがあった。,1.0
私は授業が終わってからの復習がしっかりと出来ていなくて、テスト勉強が大変で十分に出来なかったので日頃から予習と復習をする癖を付けたいと思います。,1.0
遠隔の授業であっても教科書を配布してほしかったです。 例えば教科書の一部分を指定して大事ですよ。などの指示があればさらにわかりやすくなると思います。,0.0
自分の知らないことがたくさん知れた、自分が知らないことだらけだったので自分で調べる大切さを知った。,2.0
認定科目なので、資格を取りたい人は絶対取った方がいいと思います。電験を取りたいけど時間がなかったり、勉強の仕方が分からなかったりする人は受けた方がいいと思います。,1.0
授業外学習もがんばろう,1.0
計画を立てて、課題をしてください,1.0
問題数が多いので解けるようにしておくといい,1.0
勉強したらした分だけ点数に表れると思うので復習頑張ろ。,1.0
教科書の内容を読んでるだけだったので分かりにくかった。,0.0
授業スピードはちょうどいいのでこのペースを守って欲しい,1.0
調子乗ると翌日死にます。 テスト前はほどほどにしましょう。,1.0
自分は受ける日にむらがあって時間割通りに授業を受けることができなかった,0.0
英語には、苦手意識がありましたが先生の授業は、丁寧で苦手意識が少し無くなりました。 これからも、今の授業スタイルにしていただけると幸いです。 Let’s Listen と Let’s Check & Read Aloud の音声、Change Yourself の音声 など、同じ音声を2回流すところを1回だけ流すようにしていただけると嬉しいです。,2.0
テスト勉強はしっかりしよう,2.0
解説を詳しくしてほしい,1.0
授業中の声が非常に聞き取りづらい、板書が全く整理されていないため理解しづらい。授業内容が理解できなかったためほとんど自学で勉強していた。,0.0
課題のページと場所が変則的なため、毎回出席したほうがいい 特に、同じ講義をとっている友人がいない人はそれが顕著,1.0
レポート期限に1組と2組で差がありすぎます。 レポートが大きな評価対象でありながら、 期限に大きな差があることは非常にきつかったです。,0.0
自分の知らない知識ばかりで、とてもためになります。,2.0
授業の内容を理解するために、メモをとる。,1.0
高校の分からなかった内容が分かった,1.0
レポートの期限に注意してしっかりと提出する,1.0
先行逃げ切りを実行しましょう。,1.0
大学の講義とレポートの問題のレベルが別物で全然分からない 証明を教えてくださるのも良いがシンプルに解き方を教えて欲しい 質より量というが、レポートの問題量が多すぎて中身を全く理解出来ない悪循環になっているのを理解して欲しい,0.0
地域の危険場所などがわかった,2.0
スライドを使った説明がわかりやすかった。,2.0
予習復習を頑張ってください,1.0
計算をがんばってください,1.0
ちゃんとFIT-AIM書きましょう。 あと、期限は絶対守りましょう。,1.0
物理現象を論理的に理解するのが大変だった。,1.0
先生が悪いわけでなく該当する学生が悪いのですが、授業中に先生に対して言うべきではないような発言、態度が見られる学生がいました。そのような生徒に対しては、今後受講資格を無くしても良いのではないかと考えます。他の学生に迷惑をかけるような学生に対しては、今後そのような処置を考えてみられてはいかがでしょうか。,0.0
内容を覚えるのが大変です,1.0
討論を一回一回大事に行っでください,1.0
小レポートを期限内に提出すること,1.0
課題が大変なので頑張ってください。,1.0
ピ逃げはよくないです。,1.0
マトラブを用いて数値を変えることでどのように変化するかグラフを見て理解できたし、マトラブの使い方も再認識できてよかった,2.0
授業をしっかりと聞き、課題と小テストをしっかり取り組みましょう。,1.0
事前にしっかり復習しとくこと。,1.0
大事な内容だけを抜粋して授業されているためわかりやすかったと思います。,2.0
熱やそれによる物質の変化、運動というモノについてよく分かりました。最後の方になると場合による当てはめの種類が多かったのできちんと見直したいです。,1.0
科学の物質についてより知れたし、その背景も学び様々な視点で考えれた。,2.0
テストのスパンが短いので、早めにテスト対策しておくことをお勧めする。,0.0
プログラムが初めてでかなり難しかったですが、実際にプログラムを作ることで少しずつ理解することができました。,2.0
洋楽を聞きとるのが難しかったです,1.0
毎回FIT-AIMの振り返りと課題が出たときは課題を提出するようにしてください。,1.0
貿易の利益不利益について学べていいこともあれば悪いこともあることも学べた,1.0
プリントはしっかりまとめておこう。,1.0
ちゃんと板書したほうがいい,1.0
テスト範囲が広すぎてテスト本番が怖いです。,1.0
最後にレポート発表がある。,1.0
提出物はちゃんと提出する。,1.0
授業外学習は意外と時間がかかるため、週のはじめの方にやっておくことをお勧めします。,1.0
有効数字に気を付けよう！！！,1.0
発展課題が思った以上に難しくてなかなか解けなかったので、もう少しヒントが欲しかったです。,1.0
小テストの時間が短い。 アクセスが集中する→提出に時間がかかる→期限に間に合わない可能性がある せめてその日中や翌日にすれば、提出する時家だったり他の教室だったりするので避けれるのかと思いました。,0.0
テストが大分難しいのでしっかりと復習した方が良いです。,1.0
予習と復習を頑張ってください,1.0
まずは，皆さん前期の約４ヶ月お疲れさまでした． コメントにもあります通り，解析IIIの内容はそもそもがかなり難しい内容です． 私も学部生のころは，講義を聞いてすぐ理解できたわけではありません． その苦労した時代の経験を踏まえつつ， 「なるべく本質的な具体例と図を通じて，できるだけ証明なしに教科書を制覇する」 ことを目標として構成しました． 数学の難しさと面白さを，その一部でも体験してもらえたなら，これ以上の喜びはありません． また私のような人間が，NHKみたいな講義などできるはずもなく， コメントにもあるように適当な発言も多かったかと思います． ※動画に残らない対面授業なら，もっと色んな脱線話をするつもりでした笑 またこのような情勢の中，最後まで粘り強く付き合ってくださった皆さんに改めて感謝致します． 後期の「幾何学的情報数学」を履修する方は，そちらでまたお会いしましょう！,2.0
出された課題をすれば、テストは解けます,1.0
とてもためになります。,2.0
動画がぶつぶつきれるのが嫌でした。,0.0
授業が早く進んでメモしきれない,0.0
必ず授業に参加して、テスト勉強を行ない、再履修にならないようにしましょう。,1.0
内容が結構難しかった。,1.0
授業後の感想文が大変だった,1.0
機器は1年次からの科目だったので達成感が非常にあります。,2.0
英語の資料が多かったため理解するのが少し難しかったです。,1.0
オンデマンドの時もあります。,1.0
経済のことが分かった。,1.0
反論の型やモデルに意見を当てはめること。,1.0
テスト勉強したほうがいい,1.0
スマホでスライドをいつでも入れるようにしとけ,0.0
授業中だけやると間に合わないかも。 じゃんけんの結果が良くなくても最悪他の課題で単位は取れる親切設計。,1.0
後半の講義が大変です。頑張りましょう。,1.0
テストの日はいつですから,1.0
自分の意見を短時間に整理して発表することの難しさを実感しました。,0.0
課題を頑張ってください,1.0
話の中で先生のボディランゲージが大きく、授業を受けていて先生の感情がより伝わってくるような感じがしました。,2.0
授業中常に話しており、スライドも全て黒文字であったため、どこか重要なのかが分かりづらかった。,0.0
器具のつかいかたやレポートの書き方。,1.0
先生によって授業の質が全く違ったため、とてもやりづらさを感じた。,0.0
テストは抜き打ちで行うので、日頃から勉強すること。また、計算式を覚える勉強は、テストで良い点数がとれないので、先生の話をしっかりと聞いて、解き方を学ぶこと。,1.0
天田教授のいつも通りの講義の進め方で試験が大変です。,1.0
音声が機械だったので、聞き取りにくかったです。先生の声で授業を受けたかったです。,0.0
ノートをしっかりとるべき,1.0
専門単語や知識の理解が難しいと感じる面が多かった,1.0
内容がとても難しいので、一つ一つの回で、分からないところを少なくしましょう。計算問題を解けるようになることが重要です。,1.0
課題配点を甘く見たら負け,1.0
今、自分が住んでいる地域の昔起きたこと事柄によって、その名前がつけられていたりと知ることができた。,1.0
話が難しく、理解できないことがあった,0.0
とても内容が難しく、ついて行くのが大変だった,0.0
オンラインのため体を動かすといったような授業はあまり無かった。,0.0
ぜひ履修した方が良いとおもう。,1.0
回答、ありがとうございました。雑残については、内容と関連する情報・知識をと思い話しています。英語や教科書の内容とどう関係しているかの説明をもっとすべきと反省しています。新聞を読む習慣はつけていって下さい。,0.0
授業出席条件が途中から答えがあっていないと✖になっていて、出席すら思えないのかと率直に驚いた。,0.0
